species_common_name,species_scientific_name,Class,Order,Family,Genus,habitat,conservation_status,population_trend,movement_pattern
Atlantic_nurse_shark,Ginglymostoma_cirratum,Chondrichthyes,Orectolobiformes,Ginglymostomatidae,Ginglymostoma,Marine_Neritic,VU,Decreasing,N/A
Atlantic_sailfish,Istiophorus_albicans,Actinopterygii,Perciformes,Istiophoridae,Istiophorus,Marine_Oceanic/Neritic,Not_evaluated,Unknown,Full_migrant
Atlantic_tripletail,Lobotes_surinamensis,Actinopterygii,Perciformes,Lobotidae,Lobotes,Marine_Neritic,LC,Stable,N/A
Bermuda_sea_chub,Kyphosus_sectatrix,Actinopterygii,Perciformes,Kyphosidae,Kyphosus,Marine_Neritic,LC,Stable,N/A
Big_scale_Pomfret,Taractichthys_longipinnis,Actinopterygii,Perciformes,Bramidae,Taractichthys,Marine_Oceanic,LC,Unknown,N/A
Bigeye_Thresher,Alopias_superciliosus,Chondrichthyes,Lamniformes,Alopiidae,Alopias,Marine_Oceanic/Neritic,VU,Decreasing,N/A
Bigeye_trevally,Caranx_sexfasciatus,Actinopterygii,Perciformes,Carangidae,Caranx,Wetlands/Marine_Neritic/Oceanic,LC,Decreasing,Altitudinal_migrant
Bigeye_tuna,Thunnus_obesus,Actinopterygii,Scombriformes,Scombridae,Thunnus,Marine_Oceanic/Neritic,VU,Decreasing,Full_migrant
Bigtooth_pomfret,Brama_orcini,Actinopterygii,Scombriformes,Bramidae,Brama,Marine,Not_evaluated,Unknown,N/A
Billfishes,Unknown_billfish,Actinopterygii,Perciformes,Istiophoridae,N/A,N/A,N/A,N/A,N/A
Birdbeak_burrfish,Cyclichthys_orbicularis,Actinopterygii,Tetraodontiformes,Diodontidae,Cyclichthys,Marine_Neritic,LC,Unknown,N/A
Black_blotched_porcupinefish,Diodon_liturosus,Actinopterygii,Tetraodontiformes,Diodontidae,Diodon,Marine_Neritic,LC,Unknown,N/A
Black_jack,Caranx_lugubris,Actinopterygii,Perciformes,Carangidae,Caranx,Marine_Neritic,LC,Stable,N/A
Black_marlin,Istiompax_indica,Actinopterygii,Perciformes,Istiophoridae,Istiompax,Marine_Oceanic/Neritic,DD,Unknown,Full_migrant
Black_tip_shark,Carcharhinus_limbatus,Chondrichthyes,Carcharhiniformes,Carcharhinidae,Carcharhinus,Marine_Oceanic/Neritic,VU,Decreasing,N/A
Blue_marlin,Makaira_nigricans,Actinopterygii,Perciformes,Istiophoridae,Makaira,Marine_Oceanic/Neritic,VU,Decreasing,Full_migrant
Blue_runner,Caranx_crysos,Actinopterygii,Perciformes,Carangidae,Caranx,Marine_Oceanic/Neritic,LC,Unknown,N/A
Blue_sea_chub,Kyphosus_cinerascens,Actinopterygii,Perciformes,Kyphosidae,Kyphosus,Marine_Neritic,LC,Unknown,N/A
Blue_Shark,Prionace_glauca,Chondrichthyes,Carcharhiniformes,Carcharhinidae,Prionace,Marine_Oceanic/Neritic,NT,Decreasing,N/A
Bluelined_Triggerfish,Xanthichthys_caeruleolineatus,Actinopterygii,Tetraodontiformes,Balistidae,Xanthichthys,Marine_Neritic,LC,Unknown,N/A
Bowmouth_guitarfish,Rhina_ancylostoma,Chondrichthyes,Rhinopristiformes,Rhinidae,Rhina,Marine_Neritic,CR,Decreasing,N/A
Brassy_chub,Kyphosus_vaigiensis,Actinopterygii,Perciformes,Kyphosidae,Kyphosus,Marine_Neritic,LC,Unknown,N/A
Bull_Shark,Carcharhinus_leucas,Chondrichthyes,Carcharhiniformes,Carcharhinidae,Carcharhinus,Wetlands/Marine_Neritic/Coastal/Supratidal,VU,Decreasing,N/A
Bullet_tuna,Auxis_rochei,Actinopterygii,Scombriformes,Scombridae,Auxis,Marine_Oceanic,LC,Stable,Full_migrant
Bumphead_sunfish,Mola_alexandrini,Actinopterygii,Tetraodontiformes	,Molidae,Mola,Marine_Oceanic/Neritic,Not_evaluated,Unknown,N/A
Chilean_devil_ray,Mobula_tarapacana,Chondrichthyes,Myliobatiformes,Mobulidae,Mobula,Marine_Oceanic/Neritic,EN,Decreasing,N/A
Common_Dolphinfish,Coryphaena_hippurus,Actinopterygii,Perciformes,Coryphaenidae,Coryphaena,Marine_Oceanic/Neritic,LC,Stable,N/A
Common_remora,Remora_remora,Actinopterygii,Perciformes,Echeneidae,Remora,Marine_Oceanic/Neritic,LC,Stable,N/A
Cottonmouth_jack,Uraspis_secunda,Actinopterygii,Perciformes,Carangidae,Uraspis,Marine_Oceanic/Neritic,LC,Stable,N/A
Devil_fish,Mobula_mobular,Chondrichthyes,Myliobatiformes,Mobulidae,Mobula,Marine_Oceanic/Neritic,EN,Decreasing,N/A
False_killer_whale,Pseudorca_crassidens,Mammalia,Artiodactyla,Delphinidae,Pseudorca,Marine_Oceanic/Neritic,NT,Unknown,N/A
Filefishes,Unknown_cantherines,Actinopterygii,Tetraodontiformes	,Monacanthidae,N/A,N/A,N/A,N/A,N/A
Fin_Whale,Balaenoptera_physalus,Mammalia,Artiodactyla,Balaenopteridae,Balaenoptera,Marine_Oceanic/Neritic,VU,Increasing,N/A
Flat_Needlefish,Ablennes_hians,Actinopterygii,Beloniformes,Belonidae,Ablennes,Marine_Neritic,LC,Unknown,N/A
Flying_fishes,Unknown_exocoetidae,Actinopterygii,Beloniformes,Exocoetidae,N/A,N/A,N/A,Unknown,N/A
Freckled_driftfish,Psenes_cyanophrys,Actinopterygii,Perciformes,Nomeidae,Psenes,Marine_Oceanic,LC,Unknown,N/A
Frigate_tuna,Auxis_thazard,Actinopterygii,Scombriformes,Scombridae,Auxis,Marine_Oceanic,LC,Stable,Full_migrant
Giant_grouper,Epinephelus_lanceolatus,Actinopterygii,Perciformes,Epinephelidae,Epinephelus,Marine_Neritic/Artificial_Aquatic/Marine,DD,Decreasing,N/A
Giant_manta,Mobula_birostris,Chondrichthyes,Myliobatiformes,Mobulidae,Mobula,Marine_Oceanic/Neritic,EN,Decreasing,N/A
Giant_trevally,Caranx_ignobilis,Actinopterygii,Perciformes,Carangidae,Caranx,Marine_Neritic,LC,Unknown,N/A
Goldenstriped_soapfish,Grammistes_sexlineatus,Actinopterygii,Perciformes,Serranidae,Grammistes,Marine_Neritic,LC,Stable,N/A
Great_barracuda,Sphyraena_barracuda,Actinopterygii,Perciformes,Sphyraenidae,Sphyraena,Marine_Neritic,LC,Unknown,N/A
Green_turtle,Chelonia_mydas,Reptilia,Testudines,Cheloniidae,Chelonia,Terrestrial/Marine_Oceanic/Intertidal/Neritic/Coastal/Supratidal,EN,Decreasing,Full_migrant
Hawksbill_turtle,Eretmochelys_imbricata,Reptilia,Testudines,Cheloniidae,Eretmochelys,Terrestrial/Marine_Oceanic/Intertidal/Neritic,CR,Decreasing,Full_migrant
Hound_needlefish,Tylosurus_crocodilus,Actinopterygii,Beloniformes,Belonidae,Tylosurus,Marine_Neritic/Artificial_Aquatic/Marine,LC,Unknown,N/A
Humpback_whale,Megaptera_novaeangliae,Mammalia,Artiodactyla,Balaenopteridae,Megaptera,Marine_Oceanic/Neritic,LC,Increasing,Full_migrant
Imperial_blackfish,Schedophilus_ovalis,Actinopterygii,Scombriformes,Centrolophidae,Schedophilus,Marine_Oceanic,Not_evaluated,Unknown,N/A
Indo_pacific_sergeant,Abudefduf_vaigiensis,Actinopterygii,Not_assigned,Pomacentridae,Abudefduf,Marine_Neritic,LC,Stable,N/A
Island_trevally,Carangoides_orthogrammus,Actinopterygii,Perciformes,Carangidae,Carangoides,Marine_Oceanic/Neritic,LC,Unknown,N/A
Jacks_Pompanos,Unknown_carangidae,Actinopterygii,Perciformes,Carangidae,N/A,N/A,N/A,N/A,N/A
Kawakawa,Euthynnus_affinis,Actinopterygii,Perciformes,Scombridae,Euthynnus,Marine_Oceanic/Neritic,LC,Unknown,Full_migrant
Largescale_triggerfish,Canthidermis_macrolepis,Actinopterygii,Tetraodontiformes	,Balistidae,Canthidermis,Marine_Oceanic/Neritic,LC,Unknown,N/A
Leatherback_turtle,Dermochelys_coriacea,Reptilia,Testudines,Dermochelyidae,Dermochelys,Terrestrial/Marine_Oceanic/IntertidalCoastal/Supratidal,VU,Decreasing,Full_migrant
Little_tunny,Euthynnus_alletteratus,Actinopterygii,Perciformes,Scombridae,Euthynnus,Marine_Oceanic,LC,Stable,Full_migrant
Live_sharksucker,Echeneis_naucrates,Actinopterygii,Perciformes,Echeneidae,Echeneis,Marine_Oceanic/Neritic,LC,Stable,N/A
Loggerhead_turtle,Caretta_caretta,Reptilia,Testudines,Cheloniidae,Caretta,Terrestrial/Marine_Oceanic/Intertidal/Neritic,VU,Decreasing,Full_migrant
Long_snouted_lancetfish,Alepisaurus_ferox,Actinopterygii,Aulopiformes,Alepisauridae,Alepisaurus,Marine_Oceanic,LC,Unknown,Full_migrant
Longfin_batfish,Platax_teira,Actinopterygii,Perciformes,Ephippidae,Platax,Marine_Neritic,LC,Unknown,N/A
Longfin_mako,Isurus_paucus,Chondrichthyes,Lamniformes,Lamnidae,Isurus,Marine_Oceanic,EN,Decreasing,N/A
Longfin_tuna,Thunnus_alalunga,Actinopterygii,Scombriformes,Scombridae,Thunnus,Marine_Oceanic/Neritic,LC,Decreasing,Full_migrant
Longfin_yellowtail,Seriola_rivoliana,Actinopterygii,Perciformes,Carangidae,Seriola,Marine_Neritic,LC,Stable,N/A
Longhorn_cowfish,Lactoria_cornuta,Actinopterygii,Tetraodontiformes,Ostraciidae,Lactori,Marine_Neritic/Intertidal,LC,Unknown,N/A
Longspined_porcupinefish,Diodon_holocanthus,Actinopterygii,Tetraodontiformes,Diodontidae,Diodon,Marine_Neritic,LC,Unknown,N/A
Mackerel_scad,Decapterus_macarellus,Actinopterygii,Perciformes,Carangidae,Decapterus,Marine_Neritic,LC,Unknown,N/A
Mackerels_tunas_bonitos, Unknown_scombridae,Actinopterygii,Perciformes,Scombridae,N/A,N/A,N/A,N/A,N/A
Marlin_sucker,Remora_osteochir,Actinopterygii,Perciformes,Echeneidae,Remora,Marine_Oceanic/Neritic,LC,Stable,N/A
N/A,Unknown_bonyfish,Actinopterygii,N/A,N/A,N/A,N/A,N/A,N/A,N/A
Needlefishes,Unknown_belonidae,Actinopterygii,Beloniformes,Belonidae,N/A,N/A,N/A,N/A,N/A
Ocean_sunfish,Mola_mola,,Tetraodontiformes,Molidae,Mola,Marine_Oceanic,VU,Decreasing,N/A
Oceanic_puffer,Lagocephalus_lagocephalus,Actinopterygii,Tetraodontiformes	,Tetraodontidae,Lagocephalus,Marine_Oceanic/Neritic,LC,Unknown,N/A
Oceanic_whitetip_shark,Carcharhinus_longimanus,Chondrichthyes,Carcharhiniformes,Carcharhinidae,Carcharhinus,Marine_Oceanic/Neritic,CR,Decreasing,N/A
Olive_ridley_turtle,Lepidochelys_olivacea,Reptilia,Testudines,Cheloniidae,Lepidochelys,Terrestrial/Marine_Oceanic/Intertidal/Neritic,VU,Decreasing,Full_migrant
Orbiculate_batfish,Platax_orbicularis,Actinopterygii,Perciformes,Ephippidae,Platax,Marine_Neritic/Intertidal,LC,Unknown,N/A
Pelagic_porcupinefish,Diodon_eydouxii,Actinopterygii,Tetraodontiformes,Diodontidae,Diodon,Marine_Oceanic,LC,Unknown,N/A
Pelagic_stingray,Pteroplatytrygon_violacea,Chondrichthyes,Myliobatiformes,Dasyatidae,Pteroplatytrygon,Marine_Oceanic,LC,Unknown,N/A
Pelagic_thresher,Alopias_pelagicus,Chondrichthyes,Lamniformes,Alopiidae,Alopias,Marine_Oceanic/Neritic,EN,Decreasing,N/A
Piegeye_shark,Carcharhinus_amboinensis,Chondrichthyes,Carcharhiniformes,Carcharhinidae,Carcharhinus,Marine Neritic/Intertidal,VU,Decreasing,N/A
Pilot_whale,Globicephala_macrorhynchus,Mammalia,Artiodactyla,Delphinidae,Globicephala,Marine_Oceanic,LC,Unknown,N/A
Pilotfish,Naucrates_ductor,Actinopterygii,Perciformes,Carangidae,Naucrates,Marine_Neritic,LC,Stable,N/A
Polka_dot_ribbonfish,Desmodema_polystictum,Actinopterygii,Lampriformes,Trachipteridae,Desmodema,Marine_Oceanic,LC,Unknown,N/A
Pomfrets,Unknown_bramidae,Actinopterygii,Scombriformes,Bramidae,N/A,N/A,N/A,N/A,N/A
Pompano_dolphinfish,Coryphaena_equiselis,Actinopterygii,Perciformes,Coryphaenidae,Coryphaena,Marine_Oceanic/Neritic,LC,Stable,Full_migrant
Porbeagle,Lamna_nasus,Chondrichthyes,Lamniformes,Lamnidae,Lamna,Marine_Oceanic/Neritic,VU,Decreasing,N/A
Rainbow_runner,Elagatis_bipinnulata,Actinopterygii,Perciformes,Carangidae,Elagatis,Marine_Neritic,LC,Stable,N/A
Remoras,Unknown_remora,Actinopterygii,Perciformes,Echeneidae,N/A,N/A,N/A,N/A,N/A
Reticulate_unicornfish,Naso_reticulatus,Actinopterygii,Perciformes,Acanthuridae,Naso,Marine_Neritic,DD,Unknown,N/A
Rissos_dolphin,Grampus_griseus,Mammalia,Artiodactyla,Delphinidae,Grampus,Marine_Oceanic,LC,Unknown,N/A
Rough_triggerfish,Canthidermis_maculata,Actinopterygii,Tetraodontiformes,Balistidae,Canthidermis,Marine_Neritic,LC,Stable,N/A
Roundbelly_cowfish,Lactoria_diaphana,Actinopterygii,Tetraodontiformes,Ostraciidae,Lactori,Marine_Neritic,LC,Unknown,N/A
Sailfish,Istophorus_platypterus,Actinopterygii,Perciformes,Istiophoridae,Istiophorus,Marine_Oceanic/Neritic,VU,Decreasing,N/A
Sandbar_shark,Carcharhinus_plumbeus,Chondrichthyes,Carcharhiniformes,Carcharhinidae,Carcharhinus,Marine_Neritic/Deep_Benthic,EN,Decreasing,N/A
Scalloped_hammerhead,Sphyrna_lewini,Chondrichthyes,Carcharhiniformes,Sphyrnidae,Sphyrna,Marine_Oceanic/Neritic,CR,Decreasing,N/A
Scribbled_leatherjacket_filefish,Aluterus_scriptus,Actinopterygii,Tetraodontiformes,Monacanthidae,Aluterus,Marine_Neritic,LC,Unknown,N/A
Sea_catfishes,Unknown_ariidae,Actinopterygii,Siluriformes,Ariidae,N/A,N/A,N/A,N/A,N/A
Sharks,Unknown_shark,Chondrichthyes,N/A,N/A,N/A,N/A,N/A,N/A,N/A
Sharptail_mola,Masturus_lanceolatus,Actinopterygii,Tetraodontiformes,Molidae,Masturus,Marine_Oceanic,LC,Unknown,N/A
Shortbill_spearfish,Tetrapturus_angustirostris,Actinopterygii,Perciformes,Istiophoridae,Tetrapturus,Marine_Oceanic/Neritic,DD,Unknown,Full_migrant
Shortfin_mako,Isurus_oxyrinchus,Chondrichthyes,Lamniformes,Lamnidae,Isurus,Marine_Oceanic,EN,Decreasing,N/A
Silky_shark,Carcharhinus_falciformis,Chondrichthyes,Carcharhiniformes,Carcharhinidae,Carcharhinus,Marine_Neritic/Oceanic/Deep_Benthic,VU,Decreasing,Full_migrant
Silvertip_shark,Carcharhinus_albimarginatus,Chondrichthyes,Carcharhiniformes,Carcharhinidae,Carcharhinus,Marine_Neritic/Deep_Benthic,VU,Decreasing,N/A
Skipjack_tuna,Katsuwonus_pelamis,Actinopterygii,Perciformes,Scombridae,Katsuwonus,Marine_Oceanic/Neritic,LC,Decreasing,Full_migrant
Slender_suckerfish,Phtheirichthys_lineatus,Actinopterygii,Perciformes,Echeneidae,Phtheirichthys,Marine_Oceanic/Neritic,LC,Stable,N/A
Slender_sunfish,Ranzania_laevis,Actinopterygii,Tetraodontiformes,Molidae,Ranzania,Marine_Oceanic,LC,Unknown,N/A
Smooth_hammerhead,Sphyrna_zygaena,Chondrichthyes,Carcharhiniformes,Sphyrnidae,Sphyrna,Marine_Oceanic/Neritic,VU,Decreasing,N/A
Smoothtail_mobula,Mobula_thurstoni,Chondrichthyes,Myliobatiformes,Mobulidae,Mobula,Marine_Oceanic/Neritic,EN,Decreasing,N/A
Snake_mackerel,Gempylus_serpens,Actinopterygii,Perciformes,Gempylidae,Gempylus,Marine_Oceanic/Neritic,LC,Stable,N/A
Spearfish_remora,Remora_brachyptera,Actinopterygii,Perciformes,Echeneidae,Remora,Marine_Oceanic/Neritic,LC,Unknown,Full_migrant
Spot_fin_porcupinefish,Diodon_hystrix,Actinopterygii,Tetraodontiformes,Diodontidae,Diodon,Marine_Neritic,LC,Unknown,N/A
Spotfin burrfish,Chilomycterus_affinis,Actinopterygii,Tetraodontiformes	,Diodontidae,Chilomycterus,Marine_Neritic,LC,Unknown,N/A
Striped_marlin,Kajikia_audax,Actinopterygii,Perciformes,Istiophoridae,Kajikia,Marine_Oceanic/Neritic,LC,Decreasing,Full_migrant
Swordfish,Xiphias_gladius,Actinopterygii,Perciformes,Xiphiidae,Xiphias,Marine_Oceanic/Neritic,NT,Decreasing,Full_migrant
Tiger_shark,Galeocerdo_cuvier,Chondrichthyes,Carcharhiniformes,Carcharhinidae,Galeocerdo,Marine_Oceanic/Neritic,NT,Decreasing,N/A
Triggerfishes,Unknown_balistidae,Actinopterygii,Tetraodontiformes	,Balistidae,N/A,N/A,N/A,Unknown,N/A
Turtles,Unknown_turtle,Reptilia,Testudines,N/A,N/A,N/A,N/A,N/A,N/A
Unicorn_leatherjacket_filefish,Aluterus_monoceros,Actinopterygii,Tetraodontiformes,Monacanthidae,Aluterus,Marine_Neritic,LC,Unknown,N/A
Wahoo,Acanthocybium_solandri,Actinopterygii,Perciformes,Scombridae,Acanthocybium,Marine_Oceanic/Neritic,LC,Stable,Full_migrant
Whale_shark,Rhincodon_typus,Chondrichthyes,Orectolobiformes,Rhincodontidae,Rhincodon,Marine_Oceanic/Neritic,EN,Decreasing,Full_migrant
White_marlin,Tetrapturus_albidus,Actinopterygii,Perciformes,Istiophoridae,Kajikia,Marine_Oceanic/Neritic,LC,Increasing,Full_migrant
White_spotted_puffer,Arothron_hispidus,Actinopterygii,Tetraodontiformes,Tetraodontidae,Arothron,Freshwater/Marine Neritic/Intertidal,LC,Unknown,N/A
Whitemargin_unicornfish,Naso_annulatus,Actinopterygii,Perciformes,Acanthuridae,Naso,Marine_Neritic,LC,Stable,N/A
Whitemouth_jack,Uraspis_uraspis,Actinopterygii,Perciformes,Carangidae,Uraspis,Marine_Neritic,LC,Unknown,N/A
Whitespotted_filefish,Cantherhines_macrocerus,Actinopterygii,Tetraodontiformes	,Monacanthidae,Cantherhines,Marine_Neritic,LC,Unknown,N/A
Whitetongue_jack,Uraspis_helvola,Actinopterygii,Perciformes,Carangidae,Uraspis,Marine_Neritic,LC,Unknown,N/A
Yellowfin_tuna,Thunnus_albacares,Actinopterygii,Perciformes,Scombridae,Thunnus,Marine_Oceanic/Neritic,LC,Decreasing,Full_migrant